{
  "system": {
    "n_agents": 3,
    "heterogeneous_plants": [
      {
        "A": [[0.9934784677454015, 0.0], [0.0, 1.0151977685768159]],
        "B": [[0.005353860268284058], [0.0025564315668373467]],
        "process_noise_cov": [[0.003, 0.0], [0.0, 0.003]],
        "measurement_noise_cov": [[0.1, 0.0], [0.0, 0.1]]
      },
      {
        "A": [[0.9749658398820598, 0.0], [0.0, 1.0275101334321681]],
        "B": [[0.00017235777691924459], [0.001656010087427639]],
        "process_noise_cov": [[0.003, 0.0], [0.0, 0.003]],
        "measurement_noise_cov": [[0.1, 0.0], [0.0, 0.1]]
      },
      {
        "A": [[1.0739964883307795, 0.0], [0.0, 1.0022364850388743]],
        "B": [[0.013258912073891028], [0.013888129904004377]],
        "process_noise_cov": [[0.003, 0.0], [0.0, 0.003]],
        "measurement_noise_cov": [[0.1, 0.0], [0.0, 0.1]]
      }
    ],
    "initial_state_cov": [[1.0, 0.0], [0.0, 1.0]],
    "initial_state_fixed": false,
    "initial_state_fixed_seed": 0
  },
  "lqr": {
    "Q": [[1.5, 0.0], [0.0, 1.5]],
    "R": [[0.02]]
  },
  "reward": {
    "state_error_reward": "kf_info_m",
    "comm_penalty_alpha": 0.0,
    "comm_throughput_floor": 0.0,
    "normalize": false,
    "no_normalization_scale": 10,
    "reward_clip_max": 10,
    "reward_clip_min": -1000000000000000,
    "evaluation": {
      "state_error_reward": "kf_info_m_noise",
      "comm_penalty_alpha": 0.0,
      "simple_comm_penalty_alpha": 0.0,
      "normalize": false
    }
  },
  "termination": {
    "enabled": false,
    "state_error_max": 5000.0,
    "penalty": -500.0,
    "evaluation": {
      "penalty": -1000000.0
    }
  },
  "observation": {
    "history_window": 10,
    "state_history_window": 10,
    "throughput_window": [2, 3, 5, 10, 15],
    "quantization_step": 0
  },
  "network": {
    "data_rate_kbps": 100,
    "data_packet_size": 125,
    "perfect_communication": false,
    "app_ack_packet_size": 30,
    "tx_buffer_bytes": 100,
    "random_drop_rate": [0.03, 0.001, 0.1]
  }
}
